<?xml version="1.0" encoding="UTF-8"?><application xsi="http://www.w3.org/1999/XMLSchema-instance">
 <item type="Constants">
 </item>
 <item type="EV_TITLED_WINDOW">
  <Internal_properties>
   <id>1</id>
   <name>etf_main_window</name>
   <Expanded>1</Expanded>
   <Is_root_window>True</Is_root_window>
  </Internal_properties>
  <EV_COLORIZABLE>
  </EV_COLORIZABLE>
  <EV_SENSITIVE>
  </EV_SENSITIVE>
  <EV_WIDGET>
   <Minimum_width>700</Minimum_width>
   <Minimum_height>500</Minimum_height>
  </EV_WIDGET>
  <EV_WINDOW>
   <Title>system etf_template GUI</Title>
  </EV_WINDOW>
  <EV_PIXMAPABLE>
  </EV_PIXMAPABLE>
  <EV_CONTAINER>
  </EV_CONTAINER>
  <item type="EV_HORIZONTAL_BOX">
   <Internal_properties>
    <id>14</id>
    <name>hbox_main</name>
    <Expanded>1</Expanded>
   </Internal_properties>
   <EV_COLORIZABLE>
   </EV_COLORIZABLE>
   <EV_SENSITIVE>
   </EV_SENSITIVE>
   <EV_WIDGET>
   </EV_WIDGET>
   <EV_BOX>
    <Is_homogeneous>True</Is_homogeneous>
    <Is_item_expanded>11</Is_item_expanded>
   </EV_BOX>
   <EV_PIXMAPABLE>
   </EV_PIXMAPABLE>
   <EV_CONTAINER>
   </EV_CONTAINER>
   <item type="EV_CELL">
    <Internal_properties>
     <id>12</id>
     <name>cell</name>
     <Expanded>1</Expanded>
    </Internal_properties>
    <EV_COLORIZABLE>
    </EV_COLORIZABLE>
    <EV_SENSITIVE>
    </EV_SENSITIVE>
    <EV_WIDGET>
    </EV_WIDGET>
    <EV_PIXMAPABLE>
    </EV_PIXMAPABLE>
    <EV_CONTAINER>
    </EV_CONTAINER>
    <item type="EV_VERTICAL_BOX">
     <Internal_properties>
      <id>11</id>
      <name>vbox</name>
      <Expanded>1</Expanded>
     </Internal_properties>
     <EV_COLORIZABLE>
     </EV_COLORIZABLE>
     <EV_SENSITIVE>
     </EV_SENSITIVE>
     <EV_WIDGET>
     </EV_WIDGET>
     <EV_BOX>
      <Is_item_expanded>0001001</Is_item_expanded>
     </EV_BOX>
     <EV_PIXMAPABLE>
     </EV_PIXMAPABLE>
     <EV_CONTAINER>
     </EV_CONTAINER>
     <item type="EV_LABEL">
      <Internal_properties>
       <id>2</id>
       <name>command_label</name>
       <Expanded>0</Expanded>
      </Internal_properties>
      <EV_COLORIZABLE>
      </EV_COLORIZABLE>
      <EV_FONTABLE>
      </EV_FONTABLE>
      <EV_SENSITIVE>
      </EV_SENSITIVE>
      <EV_TEXTABLE>
       <Text>Enter Command ("man" for options)</Text>
      </EV_TEXTABLE>
      <EV_TOOLTIPABLE>
      </EV_TOOLTIPABLE>
      <EV_WIDGET>
      </EV_WIDGET>
      <EV_TEXT_ALIGNABLE>
      </EV_TEXT_ALIGNABLE>
     </item>
     <item type="EV_TEXT_FIELD">
      <Internal_properties>
       <id>3</id>
       <name>command</name>
       <Expanded>0</Expanded>
      </Internal_properties>
      <EV_COLORIZABLE>
      </EV_COLORIZABLE>
      <EV_FONTABLE>
      </EV_FONTABLE>
      <EV_SENSITIVE>
      </EV_SENSITIVE>
      <EV_TEXTABLE>
      </EV_TEXTABLE>
      <EV_TOOLTIPABLE>
      </EV_TOOLTIPABLE>
      <EV_WIDGET>
      </EV_WIDGET>
      <EV_TEXT_COMPONENT>
      </EV_TEXT_COMPONENT>
      <EV_TEXT_ALIGNABLE>
      </EV_TEXT_ALIGNABLE>
      <Events>
       <Event>return_actions EV_TEXT_FIELD_ACTION_SEQUENCES command_return_key_pressed</Event>
      </Events>
     </item>
     <item type="EV_HORIZONTAL_BOX">
      <Internal_properties>
       <id>6</id>
       <name>hbox_buttons</name>
       <Expanded>1</Expanded>
      </Internal_properties>
      <EV_COLORIZABLE>
      </EV_COLORIZABLE>
      <EV_SENSITIVE>
      </EV_SENSITIVE>
      <EV_WIDGET>
      </EV_WIDGET>
      <EV_BOX>
       <Is_homogeneous>True</Is_homogeneous>
       <Is_item_expanded>111</Is_item_expanded>
      </EV_BOX>
      <EV_PIXMAPABLE>
      </EV_PIXMAPABLE>
      <EV_CONTAINER>
      </EV_CONTAINER>
      <item type="EV_BUTTON">
       <Internal_properties>
        <id>4</id>
        <name>execute</name>
        <Expanded>0</Expanded>
       </Internal_properties>
       <EV_COLORIZABLE>
        <Background_color>000000255</Background_color>
        <Foreground_color>255255255</Foreground_color>
       </EV_COLORIZABLE>
       <EV_FONTABLE>
       </EV_FONTABLE>
       <EV_SENSITIVE>
       </EV_SENSITIVE>
       <EV_TEXTABLE>
        <Text>Execute</Text>
       </EV_TEXTABLE>
       <EV_TOOLTIPABLE>
       </EV_TOOLTIPABLE>
       <EV_WIDGET>
       </EV_WIDGET>
       <EV_TEXT_ALIGNABLE>
       </EV_TEXT_ALIGNABLE>
       <EV_PIXMAPABLE>
       </EV_PIXMAPABLE>
       <Events>
        <Event>select_actions EV_BUTTON_ACTION_SEQUENCES execute_pressed</Event>
       </Events>
      </item>
      <item type="EV_BUTTON">
       <Internal_properties>
        <id>5</id>
        <name>reset</name>
        <Expanded>0</Expanded>
       </Internal_properties>
       <EV_COLORIZABLE>
        <Background_color>076183183</Background_color>
        <Foreground_color>255255255</Foreground_color>
       </EV_COLORIZABLE>
       <EV_FONTABLE>
       </EV_FONTABLE>
       <EV_SENSITIVE>
       </EV_SENSITIVE>
       <EV_TEXTABLE>
        <Text>Reset</Text>
       </EV_TEXTABLE>
       <EV_TOOLTIPABLE>
       </EV_TOOLTIPABLE>
       <EV_WIDGET>
       </EV_WIDGET>
       <EV_TEXT_ALIGNABLE>
       </EV_TEXT_ALIGNABLE>
       <EV_PIXMAPABLE>
       </EV_PIXMAPABLE>
       <Events>
        <Event>select_actions EV_BUTTON_ACTION_SEQUENCES reset_pressed</Event>
       </Events>
      </item>
      <item type="EV_BUTTON">
       <Internal_properties>
        <id>15</id>
        <name>load</name>
        <Expanded>0</Expanded>
       </Internal_properties>
       <EV_COLORIZABLE>
        <Background_color>008007246</Background_color>
        <Foreground_color>255255255</Foreground_color>
       </EV_COLORIZABLE>
       <EV_FONTABLE>
       </EV_FONTABLE>
       <EV_SENSITIVE>
       </EV_SENSITIVE>
       <EV_TEXTABLE>
        <Text>Load</Text>
       </EV_TEXTABLE>
       <EV_TOOLTIPABLE>
       </EV_TOOLTIPABLE>
       <EV_WIDGET>
       </EV_WIDGET>
       <EV_TEXT_ALIGNABLE>
       </EV_TEXT_ALIGNABLE>
       <EV_PIXMAPABLE>
       </EV_PIXMAPABLE>
       <Events>
        <Event>select_actions EV_BUTTON_ACTION_SEQUENCES load_pressed</Event>
       </Events>
      </item>
     </item>
     <item type="EV_RICH_TEXT">
      <Internal_properties>
       <id>7</id>
       <name>output</name>
       <Expanded>0</Expanded>
      </Internal_properties>
      <EV_COLORIZABLE>
      </EV_COLORIZABLE>
      <EV_FONTABLE>
      </EV_FONTABLE>
      <EV_SENSITIVE>
      </EV_SENSITIVE>
      <EV_TEXTABLE>
      </EV_TEXTABLE>
      <EV_TOOLTIPABLE>
      </EV_TOOLTIPABLE>
      <EV_WIDGET>
      </EV_WIDGET>
      <EV_TEXT_COMPONENT>
       <Is_editable>False</Is_editable>
      </EV_TEXT_COMPONENT>
     </item>
     <item type="EV_HORIZONTAL_SEPARATOR">
      <Internal_properties>
       <id>8</id>
       <Expanded>0</Expanded>
      </Internal_properties>
      <EV_COLORIZABLE>
      </EV_COLORIZABLE>
      <EV_SENSITIVE>
      </EV_SENSITIVE>
      <EV_TOOLTIPABLE>
      </EV_TOOLTIPABLE>
      <EV_WIDGET>
      </EV_WIDGET>
     </item>
     <item type="EV_LABEL">
      <Internal_properties>
       <id>9</id>
       <name>status_label</name>
       <Expanded>0</Expanded>
      </Internal_properties>
      <EV_COLORIZABLE>
       <Background_color>009002002</Background_color>
       <Foreground_color>255255255</Foreground_color>
      </EV_COLORIZABLE>
      <EV_FONTABLE>
      </EV_FONTABLE>
      <EV_SENSITIVE>
      </EV_SENSITIVE>
      <EV_TEXTABLE>
       <Text>Status</Text>
      </EV_TEXTABLE>
      <EV_TOOLTIPABLE>
      </EV_TOOLTIPABLE>
      <EV_WIDGET>
      </EV_WIDGET>
      <EV_TEXT_ALIGNABLE>
       <Text_alignment>Left</Text_alignment>
      </EV_TEXT_ALIGNABLE>
     </item>
     <item type="EV_RICH_TEXT">
      <Internal_properties>
       <id>10</id>
       <name>status</name>
       <Expanded>0</Expanded>
      </Internal_properties>
      <EV_COLORIZABLE>
      </EV_COLORIZABLE>
      <EV_FONTABLE>
      </EV_FONTABLE>
      <EV_SENSITIVE>
      </EV_SENSITIVE>
      <EV_TEXTABLE>
      </EV_TEXTABLE>
      <EV_TOOLTIPABLE>
      </EV_TOOLTIPABLE>
      <EV_WIDGET>
      </EV_WIDGET>
      <EV_TEXT_COMPONENT>
       <Is_editable>False</Is_editable>
      </EV_TEXT_COMPONENT>
     </item>
    </item>
   </item>
   <item type="EV_RICH_TEXT">
    <Internal_properties>
     <id>13</id>
     <name>history</name>
     <Expanded>0</Expanded>
    </Internal_properties>
    <EV_COLORIZABLE>
    </EV_COLORIZABLE>
    <EV_FONTABLE>
    </EV_FONTABLE>
    <EV_SENSITIVE>
    </EV_SENSITIVE>
    <EV_TEXTABLE>
    </EV_TEXTABLE>
    <EV_TOOLTIPABLE>
    </EV_TOOLTIPABLE>
    <EV_WIDGET>
     <Minimum_width>200</Minimum_width>
     <Minimum_height>100</Minimum_height>
    </EV_WIDGET>
    <EV_TEXT_COMPONENT>
     <Is_editable>False</Is_editable>
    </EV_TEXT_COMPONENT>
   </item>
  </item>
 </item>
</application>

